<?xml version="1.0" encoding="UTF-8"?>
<beans xmlns="http://www.springframework.org/schema/beans"
	   xmlns:xsi="http://www.w3.org/2001/XMLSchema-instance"
	   xmlns:context="http://www.springframework.org/schema/context"
	   xsi:schemaLocation="http://www.springframework.org/schema/beans
           http://www.springframework.org/schema/beans/spring-beans.xsd
           http://www.springframework.org/schema/context
           http://www.springframework.org/schema/context/spring-context.xsd">

	<context:component-scan base-package="com.xxl.job.admin.service, com.xxl.job.admin.dao" />

	<bean id="freemarkerConfig" class="org.springframework.web.servlet.view.freemarker.FreeMarkerConfigurer">
		<property name="templateLoaderPath" value="/WEB-INF/template/" />
		<property name="freemarkerSettings">
			<bean class="org.springframework.beans.factory.config.PropertiesFactoryBean">
				<property name="location" value="classpath:freemarker.properties" />
			</bean>
		</property>
	</bean>

</beans>