<?xml version="1.0" encoding="UTF-8"?>
<beans xmlns="http://www.springframework.org/schema/beans"
	   xmlns:context="http://www.springframework.org/schema/context"
	   xmlns:mvc="http://www.springframework.org/schema/mvc"
	   xmlns:xsi="http://www.w3.org/2001/XMLSchema-instance"
	   xsi:schemaLocation="http://www.springframework.org/schema/beans
		http://www.springframework.org/schema/beans/spring-beans.xsd
		http://www.springframework.org/schema/context 
		http://www.springframework.org/schema/context/spring-context.xsd
		http://www.springframework.org/schema/mvc
		http://www.springframework.org/schema/mvc/spring-mvc.xsd">

	<mvc:annotation-driven />
	<context:component-scan base-package="com.xxl.job.admin.controller" />
	
	<mvc:resources mapping="/favicon.ico" location="/favicon.ico" />
	<mvc:resources mapping="/static/**" location="/static/" />
	<mvc:resources mapping="/**/*.html" location="/" />
	
	<bean id="viewResolver"	class="org.springframework.web.servlet.view.freemarker.FreeMarkerViewResolver">
		<property name="viewClass" value="org.springframework.web.servlet.view.freemarker.FreeMarkerView" />
		<property name="prefix" value="" />
		<property name="suffix" value=".ftl" />
		<property name="contentType" value="text/html;charset=UTF-8" />
		<property name="exposeSpringMacroHelpers" value="true" />
		<property name="exposeRequestAttributes" value="true" />
		<property name="exposeSessionAttributes" value="true" />
		<property name="requestContextAttribute" value="request" />
		<property name="cache" value="true" />
		<property name="order" value="0" />
	</bean>
	
 	<mvc:interceptors>
		<mvc:interceptor>
			<mvc:mapping path="/**"/>
			<bean class="com.xxl.job.admin.controller.interceptor.PermissionInterceptor"/>
		</mvc:interceptor>
		<mvc:interceptor>
			<mvc:mapping path="/**"/>
			<bean class="com.xxl.job.admin.controller.interceptor.CookieInterceptor"/>
		</mvc:interceptor>
	</mvc:interceptors>
	<bean id="exceptionResolver" class="com.xxl.job.admin.controller.resolver.WebExceptionResolver" />
	
</beans>